,accuracy,f1_score,fpr,tpr,roc_auc,Model
0,1.0,1.0,[0. 0. 1.],[0. 1. 1.],1.0,K-Nearest Neighbours
1,0.8515625,0.8619854721549637,[0.        0.1880109 1.       ],[0.         0.88778055 1.        ],0.8498848247229338,Gaussian Naive Bayes
2,1.0,1.0,[0. 0. 1.],[0. 1. 1.],1.0,Decision Tree Classifier
3,1.0,1.0,[0. 0. 1.],[0. 1. 1.],1.0,Random Forest
4,1.0,1.0,[0. 0. 1.],[0. 1. 1.],1.0,XGBoost Classifier
5,0.8684895833333334,0.8861330326944759,[0.         0.25340599 1.        ],[0.         0.98004988 1.        ],0.8633219403806559,Multilayer Perceptron (NN)
